<annotation>
	<folder>dc98104</folder>
	<filename>DC98104_Rotated.jpeg</filename>
	<path>/dc98104/DC98104_Rotated.jpeg</path>
	<source>
		<database>Unspecified</database>
	</source>
	<size>
		<width>1036</width>
		<height>1080</height>
		<depth>3</depth>
	</size>
	<object>
		<name>12.84</name>
		<pose>Unspecified</pose>
		<truncated>0</truncated>
		<difficult>0</difficult>
		<bndbox>
			<xmin>407</xmin>
			<ymin>438</ymin>
			<xmax>496</xmax>
			<ymax>478</ymax>
		</bndbox>
	</object>
	<object>
		<name>C000</name>
		<pose>Unspecified</pose>
		<truncated>0</truncated>
		<difficult>0</difficult>
		<bndbox>
			<xmin>514</xmin>
			<ymin>437</ymin>
			<xmax>619</xmax>
			<ymax>477</ymax>
		</bndbox>
	</object>
	<object>
		<name>UTN12000586</name>
		<pose>Unspecified</pose>
		<truncated>0</truncated>
		<difficult>0</difficult>
		<bndbox>
			<xmin>420</xmin>
			<ymin>227</ymin>
			<xmax>612</xmax>
			<ymax>251</ymax>
		</bndbox>
	</object>
</annotation>