<annotation>
	<folder>dc98104</folder>
	<filename>DC98104_Ideal.jpeg</filename>
	<path>/dc98104/DC98104_Ideal.jpeg</path>
	<source>
		<database>Unspecified</database>
	</source>
	<size>
		<width>867</width>
		<height>1156</height>
		<depth>3</depth>
	</size>
	<object>
		<name>12.84</name>
		<pose>Unspecified</pose>
		<truncated>0</truncated>
		<difficult>0</difficult>
		<bndbox>
			<xmin>414</xmin>
			<ymin>528</ymin>
			<xmax>488</xmax>
			<ymax>561</ymax>
		</bndbox>
	</object>
	<object>
		<name>C000</name>
		<pose>Unspecified</pose>
		<truncated>0</truncated>
		<difficult>0</difficult>
		<bndbox>
			<xmin>317</xmin>
			<ymin>531</ymin>
			<xmax>403</xmax>
			<ymax>564</ymax>
		</bndbox>
	</object>
	<object>
		<name>UTN12000586</name>
		<pose>Unspecified</pose>
		<truncated>0</truncated>
		<difficult>0</difficult>
		<bndbox>
			<xmin>321</xmin>
			<ymin>717</ymin>
			<xmax>475</xmax>
			<ymax>739</ymax>
		</bndbox>
	</object>
</annotation>