<annotation>
	<folder>dc98104</folder>
	<filename>DC98104_Glare.jpeg</filename>
	<path>/dc98104/DC98104_Glare.jpeg</path>
	<source>
		<database>Unspecified</database>
	</source>
	<size>
		<width>867</width>
		<height>1156</height>
		<depth>3</depth>
	</size>
	<object>
		<name>12.84</name>
		<pose>Unspecified</pose>
		<truncated>0</truncated>
		<difficult>0</difficult>
		<bndbox>
			<xmin>405</xmin>
			<ymin>499</ymin>
			<xmax>494</xmax>
			<ymax>539</ymax>
		</bndbox>
	</object>
	<object>
		<name>C000</name>
		<pose>Unspecified</pose>
		<truncated>0</truncated>
		<difficult>0</difficult>
		<bndbox>
			<xmin>286</xmin>
			<ymin>496</ymin>
			<xmax>388</xmax>
			<ymax>539</ymax>
		</bndbox>
	</object>
	<object>
		<name>UTN12000586</name>
		<pose>Unspecified</pose>
		<truncated>0</truncated>
		<difficult>0</difficult>
		<bndbox>
			<xmin>284</xmin>
			<ymin>724</ymin>
			<xmax>476</xmax>
			<ymax>749</ymax>
		</bndbox>
	</object>
</annotation>