<annotation>
	<folder>dc98104</folder>
	<filename>DC98104_Blurry.jpeg</filename>
	<path>/dc98104/DC98104_Blurry.jpeg</path>
	<source>
		<database>Unspecified</database>
	</source>
	<size>
		<width>867</width>
		<height>1156</height>
		<depth>3</depth>
	</size>
	<object>
		<name>12.84</name>
		<pose>Unspecified</pose>
		<truncated>0</truncated>
		<difficult>0</difficult>
		<bndbox>
			<xmin>418</xmin>
			<ymin>401</ymin>
			<xmax>501</xmax>
			<ymax>436</ymax>
		</bndbox>
	</object>
	<object>
		<name>C000</name>
		<pose>Unspecified</pose>
		<truncated>0</truncated>
		<difficult>0</difficult>
		<bndbox>
			<xmin>308</xmin>
			<ymin>401</ymin>
			<xmax>405</xmax>
			<ymax>437</ymax>
		</bndbox>
	</object>
	<object>
		<name>UTN12000586</name>
		<pose>Unspecified</pose>
		<truncated>0</truncated>
		<difficult>0</difficult>
		<bndbox>
			<xmin>315</xmin>
			<ymin>595</ymin>
			<xmax>493</xmax>
			<ymax>621</ymax>
		</bndbox>
	</object>
</annotation>