<annotation>
	<folder>my-project-name</folder>
	<filename>DC98193_glare.jpg</filename>
	<path>/my-project-name/DC98193_glare.jpg</path>
	<source>
		<database>Unspecified</database>
	</source>
	<size>
		<width>4000</width>
		<height>3000</height>
		<depth>3</depth>
	</size>
	<object>
		<name>7 35</name>
		<pose>Unspecified</pose>
		<truncated>0</truncated>
		<difficult>0</difficult>
		<bndbox>
			<xmin>1857</xmin>
			<ymin>1285</ymin>
			<xmax>3566</xmax>
			<ymax>2032</ymax>
		</bndbox>
	</object>
	<object>
		<name>Nintendo</name>
		<pose>Unspecified</pose>
		<truncated>0</truncated>
		<difficult>0</difficult>
		<bndbox>
			<xmin>2287</xmin>
			<ymin>2659</ymin>
			<xmax>3100</xmax>
			<ymax>2803</ymax>
		</bndbox>
	</object>
	<object>
		<name>THE LEGEND OF ZELDA</name>
		<pose>Unspecified</pose>
		<truncated>0</truncated>
		<difficult>0</difficult>
		<bndbox>
			<xmin>1588</xmin>
			<ymin>173</ymin>
			<xmax>3542</xmax>
			<ymax>376</ymax>
		</bndbox>
	</object>
	<object>
		<name>GAME & WATCH</name>
		<pose>Unspecified</pose>
		<truncated>0</truncated>
		<difficult>0</difficult>
		<bndbox>
			<xmin>10</xmin>
			<ymin>299</ymin>
			<xmax>709</xmax>
			<ymax>932</ymax>
		</bndbox>
	</object>
</annotation>