<annotation>
	<folder>my-project-name</folder>
	<filename>DC98193_blur.jpg</filename>
	<path>/my-project-name/DC98193_blur.jpg</path>
	<source>
		<database>Unspecified</database>
	</source>
	<size>
		<width>4000</width>
		<height>3000</height>
		<depth>3</depth>
	</size>
	<object>
		<name>7 35</name>
		<pose>Unspecified</pose>
		<truncated>0</truncated>
		<difficult>0</difficult>
		<bndbox>
			<xmin>960</xmin>
			<ymin>1512</ymin>
			<xmax>2729</xmax>
			<ymax>2223</ymax>
		</bndbox>
	</object>
	<object>
		<name>THE LEGEND OF ZELDA</name>
		<pose>Unspecified</pose>
		<truncated>0</truncated>
		<difficult>0</difficult>
		<bndbox>
			<xmin>733</xmin>
			<ymin>418</ymin>
			<xmax>2663</xmax>
			<ymax>574</ymax>
		</bndbox>
	</object>
	<object>
		<name>Nintendo</name>
		<pose>Unspecified</pose>
		<truncated>0</truncated>
		<difficult>0</difficult>
		<bndbox>
			<xmin>1349</xmin>
			<ymin>2863</ymin>
			<xmax>2155</xmax>
			<ymax>2994</ymax>
		</bndbox>
	</object>
	<object>
		<name>GAME</name>
		<pose>Unspecified</pose>
		<truncated>0</truncated>
		<difficult>0</difficult>
		<bndbox>
			<xmin>3530</xmin>
			<ymin>574</ymin>
			<xmax>3865</xmax>
			<ymax>693</ymax>
		</bndbox>
	</object>
	<object>
		<name>TIME</name>
		<pose>Unspecified</pose>
		<truncated>0</truncated>
		<difficult>0</difficult>
		<bndbox>
			<xmin>3542</xmin>
			<ymin>968</ymin>
			<xmax>3871</xmax>
			<ymax>1106</ymax>
		</bndbox>
	</object>
	<object>
		<name>PAUSE/RESET</name>
		<pose>Unspecified</pose>
		<truncated>0</truncated>
		<difficult>0</difficult>
		<bndbox>
			<xmin>3398</xmin>
			<ymin>1345</ymin>
			<xmax>3960</xmax>
			<ymax>1512</ymax>
		</bndbox>
	</object>
	<object>
		<name>SELECT</name>
		<pose>Unspecified</pose>
		<truncated>0</truncated>
		<difficult>0</difficult>
		<bndbox>
			<xmin>3404</xmin>
			<ymin>1871</ymin>
			<xmax>3817</xmax>
			<ymax>2044</ymax>
		</bndbox>
	</object>
</annotation>