<annotation>
	<folder>my-project-name</folder>
	<filename>DC98193_rotated.jpg</filename>
	<path>/my-project-name/DC98193_rotated.jpg</path>
	<source>
		<database>Unspecified</database>
	</source>
	<size>
		<width>4000</width>
		<height>3000</height>
		<depth>3</depth>
	</size>
	<object>
		<name>7 35</name>
		<pose>Unspecified</pose>
		<truncated>0</truncated>
		<difficult>0</difficult>
		<bndbox>
			<xmin>1749</xmin>
			<ymin>944</ymin>
			<xmax>3351</xmax>
			<ymax>1715</ymax>
		</bndbox>
	</object>
	<object>
		<name>THE LEGEND OF ZELDA</name>
		<pose>Unspecified</pose>
		<truncated>0</truncated>
		<difficult>0</difficult>
		<bndbox>
			<xmin>1432</xmin>
			<ymin>269</ymin>
			<xmax>2789</xmax>
			<ymax>592</ymax>
		</bndbox>
	</object>
	<object>
		<name>GAME & WATCH</name>
		<pose>Unspecified</pose>
		<truncated>0</truncated>
		<difficult>0</difficult>
		<bndbox>
			<xmin>70</xmin>
			<ymin>729</ymin>
			<xmax>763</xmax>
			<ymax>1285</ymax>
		</bndbox>
	</object>
	<object>
		<name>Nintendo</name>
		<pose>Unspecified</pose>
		<truncated>0</truncated>
		<difficult>0</difficult>
		<bndbox>
			<xmin>2275</xmin>
			<ymin>2038</ymin>
			<xmax>3345</xmax>
			<ymax>2432</ymax>
		</bndbox>
	</object>
	<object>
		<name>GAME</name>
		<pose>Unspecified</pose>
		<truncated>0</truncated>
		<difficult>0</difficult>
		<bndbox>
			<xmin>3315</xmin>
			<ymin>251</ymin>
			<xmax>3643</xmax>
			<ymax>341</ymax>
		</bndbox>
	</object>
	<object>
		<name>TIME</name>
		<pose>Unspecified</pose>
		<truncated>0</truncated>
		<difficult>0</difficult>
		<bndbox>
			<xmin>3500</xmin>
			<ymin>460</ymin>
			<xmax>3805</xmax>
			<ymax>568</ymax>
		</bndbox>
	</object>
	<object>
		<name>PAUSE/RESET</name>
		<pose>Unspecified</pose>
		<truncated>0</truncated>
		<difficult>0</difficult>
		<bndbox>
			<xmin>3566</xmin>
			<ymin>669</ymin>
			<xmax>3954</xmax>
			<ymax>819</ymax>
		</bndbox>
	</object>
</annotation>