<annotation>
	<folder>my-project-name</folder>
	<filename>DC98193_ideal.jpg</filename>
	<path>/my-project-name/DC98193_ideal.jpg</path>
	<source>
		<database>Unspecified</database>
	</source>
	<size>
		<width>4000</width>
		<height>3000</height>
		<depth>3</depth>
	</size>
	<object>
		<name>7 35</name>
		<pose>Unspecified</pose>
		<truncated>0</truncated>
		<difficult>0</difficult>
		<bndbox>
			<xmin>1624</xmin>
			<ymin>1506</ymin>
			<xmax>3153</xmax>
			<ymax>2145</ymax>
		</bndbox>
	</object>
	<object>
		<name>Nintendo</name>
		<pose>Unspecified</pose>
		<truncated>0</truncated>
		<difficult>0</difficult>
		<bndbox>
			<xmin>1976</xmin>
			<ymin>2737</ymin>
			<xmax>2663</xmax>
			<ymax>2880</ymax>
		</bndbox>
	</object>
	<object>
		<name>THE LEGEND OF ZELDA</name>
		<pose>Unspecified</pose>
		<truncated>0</truncated>
		<difficult>0</difficult>
		<bndbox>
			<xmin>1396</xmin>
			<ymin>472</ymin>
			<xmax>3135</xmax>
			<ymax>687</ymax>
		</bndbox>
	</object>
	<object>
		<name>GAME & WATCH</name>
		<pose>Unspecified</pose>
		<truncated>0</truncated>
		<difficult>0</difficult>
		<bndbox>
			<xmin>10</xmin>
			<ymin>568</ymin>
			<xmax>625</xmax>
			<ymax>1124</ymax>
		</bndbox>
	</object>
	<object>
		<name>B</name>
		<pose>Unspecified</pose>
		<truncated>0</truncated>
		<difficult>0</difficult>
		<bndbox>
			<xmin>3835</xmin>
			<ymin>2809</ymin>
			<xmax>3978</xmax>
			<ymax>2952</ymax>
		</bndbox>
	</object>
</annotation>