<annotation>
	<folder>my-project-name</folder>
	<filename>DC98157_ideal.jpg</filename>
	<path>/my-project-name/DC98157_ideal.jpg</path>
	<source>
		<database>Unspecified</database>
	</source>
	<size>
		<width>960</width>
		<height>1280</height>
		<depth>3</depth>
	</size>
	<object>
		<name>Number</name>
		<pose>Unspecified</pose>
		<truncated>0</truncated>
		<difficult>0</difficult>
		<bndbox>
			<xmin>408</xmin>
			<ymin>384</ymin>
			<xmax>533</xmax>
			<ymax>504</ymax>
		</bndbox>
	</object>
</annotation>